[{"headers":["A","B","C"],"rows":[["0AA","BB","Hi there\n wa\n wa\n wa\n wa\n wa\n wa\n wa\n wa\n wa\n wa\n wa\n wa\n wa\n wa"],["0AA","BB","Hi there\n wa\n wa\n wa\n wa\n wa\n wa\n wa\n wa\n wa\n wa\n wa\n wa\n wa\n wa\n wa\n wa\n wa\n wa\n wa\n wa"],["0AA","BB","Hi there\n wa\n wa\n wa\n wa\n wa\n wa\n wa\n wa\n wa\n wa\n wa\n wa\n wa\n wa\n wa"],["0AA","BB","Hi there\n wa\n wa\n wa\n wa\n wa\n wa"],["0AA","BB","Hi there\n wa\n wa\n wa\n wa\n wa"],["0AA","BB","Hi there\n wa\n wa"],["0AA","BB","Hi there\n wa\n wa\n wa\n wa\n wa\n wa\n wa\n wa\n wa\n wa\n wa\n wa\n wa\n wa\n wa\n wa\n wa\n wa\n wa\n wa"],["0AA","BB","Hi there\n wa\n wa\n wa\n wa"],["0AA","BB","Hi there\n wa\n wa\n wa\n wa\n wa\n wa\n wa\n wa\n wa\n wa\n wa\n wa\n wa\n wa\n wa\n wa\n wa\n wa\n wa"],["0AA","BB","Hi there\n wa\n wa\n wa\n wa\n wa\n wa"],["0AA","BB","Hi there\n wa\n wa\n wa\n wa\n wa\n wa\n wa\n wa\n wa"],["0AA","BB","Hi there\n wa\n wa\n wa\n wa\n wa\n wa\n wa\n wa\n wa\n wa\n wa\n wa\n wa\n wa\n wa\n wa\n wa\n wa\n wa\n wa"],["0AA","BB","Hi there\n wa\n wa\n wa\n wa\n wa\n wa\n wa\n wa\n wa\n wa\n wa"],["0AA","BB","Hi there\n wa\n wa\n wa\n wa\n wa\n wa\n wa\n wa\n wa\n wa\n wa\n wa\n wa\n wa\n wa\n wa\n wa\n wa\n wa\n wa"],["0AA","BB","Hi there\n wa\n wa\n wa\n wa\n wa\n wa\n wa\n wa\n wa\n wa\n wa\n wa\n wa\n wa\n wa\n wa\n wa"],["0AA","BB","Hi there\n wa\n wa\n wa\n wa\n wa\n wa\n wa\n wa\n wa\n wa\n wa\n wa"],["0AA","BB","Hi there\n wa\n wa\n wa"],["0AA","BB","Hi there\n wa\n wa\n wa\n wa\n wa\n wa\n wa\n wa\n wa\n wa\n wa\n wa\n wa"],["0AA","BB","Hi there\n wa\n wa\n wa\n wa\n wa\n wa\n wa"]],"options":{"title":"Title 0 ...","subtitle":"SubTitle 0 ...","padding":5}},{"headers":["A","B","C"],"rows":[["1AA","BB","Hi there\n wa\n wa\n wa\n wa\n wa\n wa\n wa\n wa\n wa\n wa\n wa\n wa\n wa\n wa\n wa\n wa\n wa\n wa"],["1AA","BB","Hi there\n wa\n wa\n wa\n wa\n wa\n wa\n wa\n wa\n wa\n wa\n wa\n wa\n wa\n wa\n wa\n wa"],["1AA","BB","Hi there\n wa\n wa"],["1AA","BB","Hi there\n wa\n wa\n wa\n wa\n wa\n wa\n wa\n wa\n wa\n wa\n wa\n wa\n wa\n wa\n wa\n wa"],["1AA","BB","Hi there\n wa\n wa\n wa\n wa\n wa\n wa\n wa\n wa\n wa"],["1AA","BB","Hi there\n wa\n wa\n wa\n wa\n wa"],["1AA","BB","Hi there\n wa\n wa\n wa\n wa\n wa\n wa\n wa\n wa\n wa\n wa\n wa\n wa\n wa\n wa"],["1AA","BB","Hi there\n wa\n wa\n wa\n wa\n wa\n wa\n wa\n wa\n wa\n wa\n wa\n wa"],["1AA","BB","Hi there\n wa\n wa\n wa\n wa\n wa\n wa\n wa\n wa\n wa\n wa\n wa\n wa"],["1AA","BB","Hi there\n wa\n wa"]],"options":{"title":"Title 1 ...","subtitle":"SubTitle 1 ...","padding":5}},{"headers":["A","B","C"],"rows":[["2AA","BB","Hi there\n wa\n wa\n wa\n wa\n wa\n wa\n wa\n wa\n wa\n wa\n wa\n wa\n wa\n wa"],["2AA","BB","Hi there\n wa\n wa\n wa\n wa\n wa\n wa\n wa\n wa\n wa\n wa"],["2AA","BB","Hi there\n wa\n wa\n wa\n wa\n wa\n wa\n wa\n wa\n wa\n wa\n wa\n wa\n wa\n wa\n wa\n wa"],["2AA","BB","Hi there\n wa\n wa\n wa\n wa\n wa\n wa\n wa\n wa\n wa"],["2AA","BB","Hi there\n wa\n wa\n wa\n wa\n wa"],["2AA","BB","Hi there\n wa\n wa\n wa\n wa\n wa\n wa\n wa"],["2AA","BB","Hi there\n wa\n wa\n wa\n wa\n wa\n wa\n wa\n wa"],["2AA","BB","Hi there\n wa\n wa\n wa\n wa\n wa\n wa\n wa\n wa\n wa"]],"options":{"title":"Title 2 ...","subtitle":"SubTitle 2 ...","padding":5}},{"headers":["A","B","C"],"rows":[["3AA","BB","Hi there\n wa"]],"options":{"title":"Title 3 ...","subtitle":"SubTitle 3 ...","padding":5}},{"headers":["A","B","C"],"rows":[["4AA","BB","Hi there\n wa\n wa\n wa\n wa\n wa\n wa\n wa\n wa\n wa\n wa\n wa\n wa\n wa\n wa\n wa\n wa\n wa\n wa\n wa\n wa"],["4AA","BB","Hi there\n wa\n wa\n wa\n wa\n wa\n wa"],["4AA","BB","Hi there\n wa\n wa\n wa\n wa\n wa\n wa\n wa\n wa\n wa\n wa\n wa\n wa\n wa\n wa"],["4AA","BB","Hi there\n wa\n wa\n wa\n wa\n wa\n wa\n wa\n wa\n wa"]],"options":{"title":"Title 4 ...","subtitle":"SubTitle 4 ...","padding":5}},{"headers":["A","B","C"],"rows":[["5AA","BB","Hi there\n wa\n wa\n wa\n wa\n wa\n wa\n wa\n wa\n wa\n wa\n wa\n wa\n wa\n wa\n wa"],["5AA","BB","Hi there\n wa\n wa\n wa\n wa\n wa\n wa\n wa\n wa\n wa\n wa\n wa\n wa\n wa\n wa\n wa\n wa"]],"options":{"title":"Title 5 ...","subtitle":"SubTitle 5 ...","padding":5}},{"headers":["A","B","C"],"rows":[["6AA","BB","Hi there\n wa\n wa\n wa\n wa\n wa\n wa\n wa\n wa\n wa\n wa\n wa\n wa\n wa\n wa\n wa\n wa\n wa\n wa\n wa"],["6AA","BB","Hi there\n wa\n wa\n wa\n wa\n wa\n wa\n wa\n wa\n wa\n wa"],["6AA","BB","Hi there\n wa\n wa\n wa\n wa\n wa"],["6AA","BB","Hi there\n wa\n wa\n wa\n wa\n wa\n wa\n wa\n wa\n wa\n wa\n wa\n wa\n wa\n wa\n wa\n wa\n wa\n wa\n wa\n wa"],["6AA","BB","Hi there\n wa\n wa\n wa"],["6AA","BB","Hi there\n wa\n wa\n wa\n wa\n wa\n wa\n wa\n wa"],["6AA","BB","Hi there\n wa\n wa\n wa\n wa\n wa\n wa\n wa\n wa\n wa\n wa"],["6AA","BB","Hi there\n wa\n wa\n wa\n wa\n wa\n wa\n wa"],["6AA","BB","Hi there\n wa\n wa\n wa\n wa\n wa"],["6AA","BB","Hi there\n wa\n wa\n wa\n wa\n wa\n wa\n wa\n wa\n wa\n wa"],["6AA","BB","Hi there\n wa\n wa\n wa\n wa\n wa\n wa\n wa\n wa\n wa\n wa\n wa\n wa\n wa\n wa\n wa\n wa\n wa\n wa"],["6AA","BB","Hi there\n wa\n wa\n wa\n wa\n wa\n wa\n wa\n wa\n wa\n wa\n wa"],["6AA","BB","Hi there\n wa\n wa"],["6AA","BB","Hi there\n wa\n wa\n wa\n wa\n wa\n wa"],["6AA","BB","Hi there\n wa\n wa\n wa\n wa\n wa\n wa\n wa\n wa\n wa\n wa\n wa"],["6AA","BB","Hi there\n wa\n wa\n wa\n wa"],["6AA","BB","Hi there\n wa\n wa\n wa\n wa\n wa\n wa\n wa\n wa\n wa\n wa\n wa\n wa\n wa"],["6AA","BB","Hi there\n wa\n wa"]],"options":{"title":"Title 6 ...","subtitle":"SubTitle 6 ...","padding":5}},{"headers":["A","B","C"],"rows":[["7AA","BB","Hi there\n wa\n wa\n wa\n wa\n wa\n wa\n wa\n wa\n wa\n wa\n wa\n wa\n wa"],["7AA","BB","Hi there\n wa\n wa\n wa\n wa\n wa\n wa\n wa\n wa\n wa\n wa\n wa\n wa\n wa\n wa\n wa\n wa\n wa\n wa"],["7AA","BB","Hi there\n wa\n wa\n wa\n wa\n wa\n wa"],["7AA","BB","Hi there\n wa\n wa\n wa\n wa\n wa\n wa\n wa\n wa\n wa\n wa\n wa\n wa\n wa\n wa\n wa\n wa\n wa\n wa\n wa\n wa"],["7AA","BB","Hi there\n wa\n wa\n wa\n wa\n wa"]],"options":{"title":"Title 7 ...","subtitle":"SubTitle 7 ...","padding":5}},{"headers":["A","B","C"],"rows":[["8AA","BB","Hi there\n wa\n wa\n wa\n wa\n wa\n wa\n wa\n wa\n wa\n wa\n wa"],["8AA","BB","Hi there\n wa\n wa\n wa\n wa\n wa\n wa\n wa\n wa\n wa\n wa\n wa\n wa\n wa\n wa\n wa"],["8AA","BB","Hi there\n wa\n wa\n wa\n wa\n wa\n wa\n wa\n wa\n wa\n wa\n wa\n wa\n wa\n wa"],["8AA","BB","Hi there\n wa\n wa\n wa\n wa\n wa\n wa\n wa\n wa\n wa\n wa\n wa\n wa\n wa\n wa\n wa\n wa\n wa\n wa\n wa"],["8AA","BB","Hi there\n wa\n wa\n wa\n wa\n wa\n wa\n wa\n wa"],["8AA","BB","Hi there\n wa\n wa\n wa"],["8AA","BB","Hi there\n wa\n wa\n wa\n wa\n wa\n wa\n wa\n wa\n wa\n wa\n wa\n wa\n wa\n wa\n wa"],["8AA","BB","Hi there\n wa\n wa\n wa\n wa\n wa\n wa\n wa\n wa\n wa\n wa\n wa\n wa\n wa\n wa"],["8AA","BB","Hi there\n wa\n wa\n wa\n wa\n wa\n wa\n wa\n wa\n wa"],["8AA","BB","Hi there\n wa\n wa\n wa\n wa\n wa\n wa"],["8AA","BB","Hi there\n wa"],["8AA","BB","Hi there\n wa\n wa\n wa\n wa\n wa\n wa\n wa"]],"options":{"title":"Title 8 ...","subtitle":"SubTitle 8 ...","padding":5}},{"headers":["A","B","C"],"rows":[["9AA","BB","Hi there\n wa\n wa\n wa\n wa\n wa\n wa"],["9AA","BB","Hi there\n wa\n wa\n wa\n wa\n wa\n wa\n wa\n wa\n wa\n wa\n wa\n wa\n wa\n wa\n wa"],["9AA","BB","Hi there\n wa\n wa\n wa\n wa\n wa\n wa\n wa\n wa\n wa\n wa\n wa"],["9AA","BB","Hi there\n wa\n wa\n wa\n wa\n wa\n wa\n wa\n wa\n wa\n wa\n wa\n wa\n wa\n wa\n wa\n wa\n wa\n wa"],["9AA","BB","Hi there\n wa\n wa\n wa\n wa\n wa\n wa\n wa\n wa"],["9AA","BB","Hi there\n wa\n wa\n wa\n wa\n wa\n wa\n wa"],["9AA","BB","Hi there\n wa\n wa\n wa\n wa\n wa\n wa\n wa\n wa\n wa\n wa\n wa\n wa\n wa\n wa\n wa\n wa\n wa\n wa"]],"options":{"title":"Title 9 ...","subtitle":"SubTitle 9 ...","padding":5}},{"headers":["A","B","C"],"rows":[["10AA","BB","Hi there\n wa\n wa\n wa\n wa\n wa\n wa\n wa\n wa\n wa\n wa\n wa\n wa\n wa\n wa\n wa\n wa\n wa\n wa\n wa"],["10AA","BB","Hi there\n wa\n wa\n wa\n wa\n wa\n wa\n wa\n wa\n wa\n wa\n wa\n wa\n wa\n wa\n wa"],["10AA","BB","Hi there\n wa\n wa\n wa\n wa\n wa\n wa\n wa\n wa\n wa\n wa\n wa\n wa\n wa\n wa"],["10AA","BB","Hi there\n wa\n wa\n wa\n wa\n wa\n wa\n wa\n wa\n wa\n wa\n wa\n wa\n wa\n wa\n wa\n wa"],["10AA","BB","Hi there\n wa\n wa\n wa\n wa\n wa\n wa\n wa\n wa\n wa\n wa\n wa\n wa\n wa\n wa\n wa\n wa\n wa\n wa\n wa"]],"options":{"title":"Title 10 ...","subtitle":"SubTitle 10 ...","padding":5}},{"headers":["A","B","C"],"rows":[["11AA","BB","Hi there\n wa"],["11AA","BB","Hi there\n wa\n wa\n wa\n wa"],["11AA","BB","Hi there\n wa"]],"options":{"title":"Title 11 ...","subtitle":"SubTitle 11 ...","padding":5}},{"headers":["A","B","C"],"rows":[["12AA","BB","Hi there\n wa\n wa\n wa\n wa"],["12AA","BB","Hi there\n wa\n wa\n wa\n wa\n wa\n wa\n wa\n wa\n wa\n wa\n wa\n wa"],["12AA","BB","Hi there\n wa\n wa\n wa\n wa\n wa\n wa\n wa\n wa\n wa\n wa\n wa\n wa\n wa\n wa\n wa\n wa\n wa"],["12AA","BB","Hi there\n wa\n wa\n wa\n wa\n wa\n wa\n wa\n wa\n wa\n wa\n wa\n wa\n wa\n wa\n wa\n wa\n wa\n wa\n wa\n wa"],["12AA","BB","Hi there\n wa\n wa\n wa\n wa\n wa\n wa\n wa\n wa\n wa\n wa\n wa\n wa\n wa\n wa"],["12AA","BB","Hi there\n wa\n wa\n wa"],["12AA","BB","Hi there\n wa\n wa\n wa\n wa\n wa\n wa\n wa\n wa\n wa"]],"options":{"title":"Title 12 ...","subtitle":"SubTitle 12 ...","padding":5}},{"headers":["A","B","C"],"rows":[["13AA","BB","Hi there\n wa\n wa\n wa\n wa\n wa"],["13AA","BB","Hi there\n wa\n wa\n wa\n wa\n wa\n wa\n wa\n wa\n wa\n wa\n wa\n wa\n wa"],["13AA","BB","Hi there\n wa\n wa\n wa"],["13AA","BB","Hi there\n wa\n wa\n wa\n wa\n wa\n wa\n wa\n wa\n wa\n wa\n wa\n wa\n wa\n wa\n wa\n wa\n wa\n wa\n wa\n wa"],["13AA","BB","Hi there\n wa\n wa\n wa\n wa\n wa\n wa\n wa\n wa\n wa\n wa\n wa\n wa\n wa\n wa\n wa\n wa\n wa\n wa\n wa"],["13AA","BB","Hi there\n wa\n wa\n wa\n wa\n wa\n wa\n wa\n wa\n wa"],["13AA","BB","Hi there\n wa\n wa\n wa\n wa\n wa\n wa\n wa\n wa\n wa\n wa\n wa\n wa\n wa\n wa\n wa\n wa"],["13AA","BB","Hi there\n wa\n wa\n wa\n wa\n wa\n wa\n wa\n wa\n wa\n wa\n wa\n wa\n wa\n wa\n wa"],["13AA","BB","Hi there\n wa"],["13AA","BB","Hi there\n wa\n wa\n wa\n wa\n wa\n wa\n wa\n wa\n wa\n wa\n wa"],["13AA","BB","Hi there\n wa\n wa\n wa\n wa\n wa\n wa\n wa\n wa\n wa\n wa\n wa\n wa\n wa\n wa\n wa\n wa\n wa\n wa\n wa\n wa"],["13AA","BB","Hi there\n wa\n wa\n wa\n wa\n wa\n wa"],["13AA","BB","Hi there\n wa\n wa\n wa\n wa\n wa\n wa\n wa\n wa\n wa\n wa\n wa\n wa\n wa\n wa\n wa\n wa\n wa\n wa\n wa\n wa"],["13AA","BB","Hi there\n wa\n wa\n wa\n wa\n wa\n wa\n wa\n wa\n wa\n wa\n wa\n wa\n wa\n wa\n wa\n wa"],["13AA","BB","Hi there\n wa\n wa\n wa\n wa\n wa\n wa\n wa\n wa\n wa\n wa\n wa\n wa\n wa\n wa\n wa\n wa\n wa\n wa"],["13AA","BB","Hi there\n wa\n wa\n wa\n wa\n wa\n wa\n wa\n wa\n wa"],["13AA","BB","Hi there\n wa\n wa\n wa\n wa\n wa\n wa\n wa\n wa\n wa\n wa\n wa"],["13AA","BB","Hi there\n wa\n wa\n wa\n wa\n wa\n wa\n wa\n wa\n wa\n wa\n wa\n wa\n wa\n wa\n wa\n wa"],["13AA","BB","Hi there\n wa\n wa\n wa\n wa\n wa\n wa\n wa\n wa\n wa\n wa\n wa\n wa\n wa\n wa\n wa\n wa"]],"options":{"title":"Title 13 ...","subtitle":"SubTitle 13 ...","padding":5}},{"headers":["A","B","C"],"rows":[["14AA","BB","Hi there\n wa\n wa\n wa\n wa\n wa\n wa"],["14AA","BB","Hi there\n wa\n wa\n wa\n wa\n wa\n wa\n wa"],["14AA","BB","Hi there\n wa\n wa\n wa\n wa\n wa\n wa\n wa\n wa\n wa\n wa\n wa\n wa"],["14AA","BB","Hi there\n wa\n wa\n wa\n wa\n wa\n wa\n wa\n wa\n wa\n wa\n wa\n wa\n wa\n wa"],["14AA","BB","Hi there\n wa\n wa\n wa\n wa\n wa\n wa\n wa\n wa"],["14AA","BB","Hi there\n wa\n wa\n wa"],["14AA","BB","Hi there\n wa\n wa\n wa\n wa\n wa\n wa\n wa\n wa"],["14AA","BB","Hi there\n wa"],["14AA","BB","Hi there\n wa\n wa\n wa\n wa\n wa\n wa\n wa\n wa\n wa\n wa\n wa\n wa\n wa\n wa\n wa"],["14AA","BB","Hi there\n wa\n wa\n wa\n wa\n wa\n wa"],["14AA","BB","Hi there\n wa\n wa\n wa\n wa\n wa\n wa\n wa\n wa\n wa\n wa\n wa\n wa\n wa\n wa\n wa\n wa"],["14AA","BB","Hi there\n wa\n wa\n wa\n wa\n wa\n wa\n wa\n wa\n wa\n wa\n wa"],["14AA","BB","Hi there\n wa\n wa\n wa\n wa\n wa\n wa"],["14AA","BB","Hi there\n wa\n wa\n wa\n wa\n wa\n wa\n wa\n wa\n wa\n wa\n wa\n wa\n wa\n wa\n wa\n wa"],["14AA","BB","Hi there\n wa\n wa\n wa\n wa"],["14AA","BB","Hi there\n wa\n wa\n wa\n wa\n wa\n wa\n wa\n wa\n wa\n wa\n wa\n wa\n wa\n wa\n wa\n wa\n wa\n wa\n wa\n wa"]],"options":{"title":"Title 14 ...","subtitle":"SubTitle 14 ...","padding":5}},{"headers":["A","B","C"],"rows":[["15AA","BB","Hi there\n wa"],["15AA","BB","Hi there\n wa\n wa\n wa\n wa\n wa\n wa\n wa\n wa\n wa\n wa\n wa\n wa\n wa\n wa\n wa\n wa\n wa\n wa\n wa"]],"options":{"title":"Title 15 ...","subtitle":"SubTitle 15 ...","padding":5}},{"headers":["A","B","C"],"rows":[["16AA","BB","Hi there\n wa\n wa\n wa\n wa\n wa\n wa\n wa\n wa\n wa\n wa\n wa\n wa\n wa\n wa\n wa"],["16AA","BB","Hi there\n wa\n wa\n wa\n wa\n wa\n wa\n wa\n wa\n wa\n wa\n wa\n wa\n wa\n wa\n wa\n wa\n wa\n wa"],["16AA","BB","Hi there\n wa\n wa\n wa\n wa\n wa\n wa\n wa\n wa\n wa\n wa\n wa\n wa\n wa\n wa\n wa\n wa"]],"options":{"title":"Title 16 ...","subtitle":"SubTitle 16 ...","padding":5}},{"headers":["A","B","C"],"rows":[["17AA","BB","Hi there\n wa\n wa\n wa\n wa\n wa\n wa\n wa\n wa\n wa\n wa\n wa\n wa"],["17AA","BB","Hi there\n wa\n wa\n wa\n wa\n wa\n wa\n wa\n wa\n wa\n wa\n wa\n wa\n wa\n wa\n wa"],["17AA","BB","Hi there\n wa\n wa\n wa\n wa\n wa"],["17AA","BB","Hi there\n wa\n wa\n wa\n wa\n wa\n wa\n wa\n wa\n wa\n wa"],["17AA","BB","Hi there\n wa\n wa\n wa\n wa\n wa"],["17AA","BB","Hi there\n wa\n wa\n wa\n wa\n wa\n wa\n wa\n wa\n wa\n wa\n wa\n wa\n wa\n wa\n wa\n wa\n wa\n wa"],["17AA","BB","Hi there\n wa\n wa\n wa\n wa\n wa\n wa\n wa\n wa"],["17AA","BB","Hi there\n wa\n wa\n wa\n wa\n wa\n wa\n wa\n wa\n wa\n wa\n wa"],["17AA","BB","Hi there\n wa\n wa\n wa\n wa"],["17AA","BB","Hi there\n wa\n wa\n wa\n wa\n wa\n wa\n wa"],["17AA","BB","Hi there\n wa\n wa\n wa\n wa\n wa\n wa\n wa\n wa\n wa\n wa\n wa\n wa\n wa\n wa\n wa\n wa\n wa\n wa\n wa\n wa"],["17AA","BB","Hi there\n wa\n wa\n wa\n wa\n wa\n wa\n wa\n wa\n wa\n wa\n wa\n wa"],["17AA","BB","Hi there\n wa\n wa\n wa\n wa\n wa\n wa\n wa\n wa\n wa\n wa\n wa\n wa\n wa\n wa\n wa\n wa\n wa"]],"options":{"title":"Title 17 ...","subtitle":"SubTitle 17 ...","padding":5}},{"headers":["A","B","C"],"rows":[["18AA","BB","Hi there\n wa\n wa\n wa\n wa\n wa\n wa\n wa\n wa\n wa\n wa\n wa\n wa\n wa\n wa\n wa\n wa"],["18AA","BB","Hi there\n wa\n wa\n wa\n wa"],["18AA","BB","Hi there\n wa\n wa\n wa\n wa\n wa\n wa\n wa"],["18AA","BB","Hi there\n wa\n wa\n wa\n wa\n wa\n wa"],["18AA","BB","Hi there\n wa\n wa\n wa\n wa\n wa\n wa\n wa\n wa\n wa\n wa\n wa\n wa\n wa\n wa\n wa\n wa\n wa\n wa\n wa"],["18AA","BB","Hi there\n wa\n wa\n wa\n wa\n wa\n wa\n wa\n wa\n wa\n wa\n wa\n wa\n wa\n wa\n wa\n wa\n wa\n wa"]],"options":{"title":"Title 18 ...","subtitle":"SubTitle 18 ...","padding":5}},{"headers":["A","B","C"],"rows":[["19AA","BB","Hi there\n wa\n wa"],["19AA","BB","Hi there\n wa\n wa\n wa\n wa\n wa\n wa\n wa\n wa"],["19AA","BB","Hi there\n wa\n wa\n wa\n wa\n wa\n wa\n wa\n wa\n wa\n wa\n wa\n wa\n wa\n wa\n wa\n wa\n wa\n wa\n wa\n wa"],["19AA","BB","Hi there\n wa\n wa"],["19AA","BB","Hi there\n wa\n wa\n wa\n wa\n wa\n wa\n wa\n wa\n wa\n wa\n wa\n wa\n wa"],["19AA","BB","Hi there\n wa\n wa\n wa\n wa\n wa\n wa\n wa\n wa\n wa\n wa\n wa\n wa\n wa\n wa\n wa\n wa\n wa\n wa\n wa"],["19AA","BB","Hi there\n wa\n wa\n wa\n wa"],["19AA","BB","Hi there\n wa\n wa\n wa\n wa\n wa\n wa\n wa\n wa\n wa\n wa\n wa\n wa\n wa\n wa\n wa\n wa"],["19AA","BB","Hi there\n wa"],["19AA","BB","Hi there\n wa\n wa\n wa\n wa\n wa\n wa\n wa"],["19AA","BB","Hi there\n wa\n wa\n wa\n wa\n wa\n wa\n wa\n wa\n wa"],["19AA","BB","Hi there\n wa\n wa\n wa\n wa\n wa\n wa\n wa\n wa\n wa\n wa\n wa\n wa\n wa\n wa\n wa\n wa\n wa"]],"options":{"title":"Title 19 ...","subtitle":"SubTitle 19 ...","padding":5}}]