[{"headers":["A0","B0","C0"],"rows":[["0AA","BB","Hi there\n wa\n wa\n wa\n wa\n wa\n wa\n wa\n wa"],["0AA","BB","Hi there\n wa\n wa\n wa"],["0AA","BB","Hi there\n wa\n wa\n wa\n wa\n wa\n wa\n wa\n wa"],["0AA","BB","Hi there\n wa\n wa\n wa"],["0AA","BB","Hi there\n wa\n wa\n wa\n wa\n wa\n wa\n wa\n wa\n wa"]],"options":{"title":"Title 0 ...","subtitle":"SubTitle 0 ...","padding":5}},{"headers":["A1","B1","C1"],"rows":[["1AA","BB","Hi there\n wa\n wa\n wa\n wa\n wa\n wa\n wa\n wa\n wa"],["1AA","BB","Hi there\n wa\n wa\n wa\n wa\n wa\n wa\n wa\n wa\n wa"],["1AA","BB","Hi there\n wa\n wa\n wa\n wa\n wa\n wa\n wa\n wa\n wa\n wa\n wa\n wa\n wa\n wa\n wa\n wa"],["1AA","BB","Hi there\n wa\n wa\n wa\n wa\n wa\n wa\n wa\n wa\n wa\n wa"],["1AA","BB","Hi there\n wa\n wa\n wa\n wa\n wa\n wa\n wa\n wa\n wa"],["1AA","BB","Hi there\n wa\n wa\n wa\n wa"],["1AA","BB","Hi there\n wa\n wa\n wa\n wa\n wa\n wa\n wa\n wa\n wa\n wa\n wa\n wa\n wa\n wa\n wa\n wa\n wa\n wa\n wa\n wa"],["1AA","BB","Hi there\n wa\n wa\n wa\n wa\n wa\n wa\n wa\n wa\n wa\n wa\n wa\n wa\n wa\n wa\n wa\n wa\n wa\n wa\n wa"],["1AA","BB","Hi there\n wa\n wa\n wa\n wa\n wa\n wa\n wa"],["1AA","BB","Hi there\n wa\n wa\n wa\n wa\n wa"],["1AA","BB","Hi there\n wa\n wa\n wa\n wa\n wa\n wa\n wa\n wa\n wa\n wa\n wa\n wa\n wa\n wa\n wa\n wa"],["1AA","BB","Hi there\n wa\n wa\n wa\n wa\n wa\n wa\n wa\n wa\n wa\n wa\n wa\n wa\n wa\n wa\n wa"],["1AA","BB","Hi there\n wa\n wa\n wa\n wa\n wa\n wa\n wa\n wa\n wa"],["1AA","BB","Hi there\n wa\n wa\n wa\n wa\n wa\n wa\n wa\n wa\n wa\n wa\n wa\n wa\n wa"],["1AA","BB","Hi there\n wa\n wa\n wa\n wa\n wa\n wa\n wa\n wa\n wa\n wa"],["1AA","BB","Hi there\n wa\n wa\n wa\n wa\n wa\n wa\n wa\n wa\n wa\n wa\n wa\n wa\n wa"],["1AA","BB","Hi there\n wa\n wa\n wa\n wa\n wa\n wa\n wa\n wa\n wa\n wa\n wa\n wa\n wa"],["1AA","BB","Hi there\n wa\n wa\n wa\n wa\n wa\n wa\n wa\n wa\n wa\n wa\n wa\n wa\n wa\n wa\n wa"],["1AA","BB","Hi there\n wa\n wa\n wa\n wa"]],"options":{"title":"Title 1 ...","subtitle":"SubTitle 1 ...","padding":5}},{"headers":["A2","B2","C2"],"rows":[["2AA","BB","Hi there\n wa"],["2AA","BB","Hi there\n wa\n wa\n wa\n wa\n wa\n wa\n wa\n wa\n wa\n wa\n wa\n wa"],["2AA","BB","Hi there\n wa\n wa\n wa\n wa\n wa\n wa\n wa\n wa\n wa\n wa\n wa\n wa\n wa\n wa\n wa\n wa\n wa\n wa\n wa"],["2AA","BB","Hi there\n wa\n wa\n wa\n wa\n wa\n wa\n wa\n wa\n wa\n wa\n wa\n wa\n wa\n wa\n wa"],["2AA","BB","Hi there\n wa\n wa\n wa\n wa\n wa\n wa\n wa\n wa\n wa"],["2AA","BB","Hi there\n wa\n wa\n wa\n wa\n wa\n wa\n wa\n wa\n wa\n wa\n wa\n wa\n wa\n wa\n wa\n wa"],["2AA","BB","Hi there\n wa\n wa\n wa\n wa\n wa\n wa\n wa\n wa\n wa\n wa"],["2AA","BB","Hi there\n wa\n wa\n wa\n wa\n wa\n wa\n wa\n wa\n wa\n wa\n wa\n wa\n wa\n wa\n wa\n wa\n wa\n wa"],["2AA","BB","Hi there\n wa\n wa\n wa\n wa\n wa\n wa\n wa\n wa\n wa\n wa\n wa\n wa\n wa\n wa\n wa\n wa\n wa\n wa\n wa"],["2AA","BB","Hi there\n wa\n wa\n wa\n wa\n wa\n wa\n wa\n wa\n wa\n wa\n wa\n wa\n wa\n wa\n wa\n wa\n wa\n wa\n wa\n wa"],["2AA","BB","Hi there\n wa\n wa\n wa\n wa\n wa"],["2AA","BB","Hi there\n wa\n wa"],["2AA","BB","Hi there\n wa\n wa\n wa\n wa\n wa\n wa\n wa\n wa\n wa\n wa\n wa\n wa\n wa\n wa\n wa\n wa\n wa\n wa\n wa"]],"options":{"title":"Title 2 ...","subtitle":"SubTitle 2 ...","padding":5}}]