[{"headers":["A0","B0","C0"],"rows":[["0AA","BB","Hi there\n wa\n wa\n wa\n wa\n wa\n wa\n wa\n wa\n wa\n wa\n wa\n wa\n wa\n wa\n wa"],["0AA","BB","Hi there\n wa\n wa\n wa\n wa\n wa\n wa\n wa\n wa\n wa\n wa\n wa\n wa\n wa"],["0AA","BB","Hi there\n wa"],["0AA","BB","Hi there\n wa\n wa\n wa\n wa\n wa\n wa"],["0AA","BB","Hi there\n wa\n wa\n wa\n wa\n wa\n wa\n wa\n wa\n wa"],["0AA","BB","Hi there\n wa\n wa"],["0AA","BB","Hi there\n wa\n wa\n wa\n wa\n wa\n wa\n wa\n wa\n wa\n wa\n wa\n wa\n wa\n wa\n wa"],["0AA","BB","Hi there\n wa\n wa\n wa\n wa\n wa\n wa\n wa\n wa\n wa\n wa\n wa\n wa\n wa\n wa\n wa\n wa\n wa\n wa\n wa"],["0AA","BB","Hi there\n wa\n wa\n wa\n wa\n wa\n wa\n wa\n wa\n wa\n wa"],["0AA","BB","Hi there\n wa\n wa\n wa\n wa\n wa\n wa\n wa\n wa\n wa\n wa\n wa\n wa"],["0AA","BB","Hi there\n wa\n wa\n wa"],["0AA","BB","Hi there\n wa\n wa\n wa"],["0AA","BB","Hi there\n wa\n wa\n wa\n wa\n wa\n wa\n wa\n wa\n wa\n wa\n wa\n wa"]],"options":{"title":"Title 0 ...","subtitle":"SubTitle 0 ...","padding":5}},{"headers":["A1","B1","C1"],"rows":[["1AA","BB","Hi there\n wa\n wa\n wa\n wa\n wa\n wa\n wa\n wa\n wa\n wa"],["1AA","BB","Hi there\n wa\n wa\n wa\n wa\n wa\n wa\n wa\n wa\n wa\n wa\n wa\n wa\n wa\n wa"],["1AA","BB","Hi there\n wa"],["1AA","BB","Hi there\n wa\n wa\n wa\n wa\n wa\n wa\n wa\n wa\n wa\n wa\n wa\n wa\n wa\n wa\n wa\n wa\n wa"],["1AA","BB","Hi there\n wa\n wa\n wa\n wa\n wa\n wa"],["1AA","BB","Hi there\n wa\n wa"],["1AA","BB","Hi there\n wa\n wa\n wa\n wa\n wa\n wa\n wa\n wa\n wa\n wa\n wa\n wa\n wa\n wa"],["1AA","BB","Hi there\n wa\n wa\n wa\n wa\n wa\n wa\n wa\n wa\n wa\n wa\n wa\n wa"],["1AA","BB","Hi there\n wa\n wa\n wa\n wa\n wa\n wa"],["1AA","BB","Hi there\n wa\n wa\n wa\n wa\n wa\n wa\n wa\n wa\n wa\n wa\n wa\n wa\n wa"],["1AA","BB","Hi there\n wa\n wa\n wa\n wa\n wa\n wa\n wa\n wa\n wa\n wa\n wa\n wa"],["1AA","BB","Hi there\n wa\n wa\n wa"],["1AA","BB","Hi there\n wa\n wa\n wa\n wa\n wa\n wa\n wa\n wa"],["1AA","BB","Hi there\n wa"],["1AA","BB","Hi there\n wa\n wa\n wa\n wa\n wa\n wa\n wa\n wa\n wa\n wa\n wa\n wa\n wa\n wa"],["1AA","BB","Hi there\n wa\n wa\n wa\n wa\n wa\n wa\n wa\n wa\n wa"],["1AA","BB","Hi there\n wa\n wa\n wa\n wa"]],"options":{"title":"Title 1 ...","subtitle":"SubTitle 1 ...","padding":5}},{"headers":["A2","B2","C2"],"rows":[["2AA","BB","Hi there\n wa\n wa\n wa\n wa\n wa\n wa\n wa\n wa\n wa\n wa\n wa"],["2AA","BB","Hi there\n wa\n wa\n wa\n wa\n wa\n wa\n wa\n wa\n wa\n wa\n wa\n wa"],["2AA","BB","Hi there\n wa\n wa\n wa\n wa\n wa\n wa\n wa\n wa\n wa\n wa\n wa\n wa\n wa\n wa\n wa\n wa\n wa"],["2AA","BB","Hi there\n wa\n wa\n wa\n wa\n wa\n wa\n wa\n wa\n wa\n wa\n wa"],["2AA","BB","Hi there\n wa\n wa\n wa\n wa\n wa\n wa\n wa\n wa\n wa\n wa\n wa\n wa\n wa\n wa\n wa\n wa\n wa\n wa\n wa\n wa"],["2AA","BB","Hi there\n wa\n wa\n wa\n wa\n wa\n wa\n wa\n wa\n wa"],["2AA","BB","Hi there\n wa\n wa\n wa\n wa\n wa\n wa\n wa\n wa\n wa\n wa\n wa\n wa"],["2AA","BB","Hi there\n wa\n wa\n wa\n wa\n wa\n wa\n wa\n wa\n wa\n wa\n wa\n wa\n wa\n wa\n wa\n wa\n wa"],["2AA","BB","Hi there\n wa\n wa\n wa\n wa\n wa\n wa\n wa\n wa\n wa\n wa\n wa\n wa"],["2AA","BB","Hi there\n wa\n wa\n wa\n wa\n wa"]],"options":{"title":"Title 2 ...","subtitle":"SubTitle 2 ...","padding":5}},{"headers":["A3","B3","C3"],"rows":[["3AA","BB","Hi there\n wa\n wa\n wa\n wa\n wa"],["3AA","BB","Hi there\n wa\n wa\n wa\n wa\n wa\n wa\n wa\n wa\n wa\n wa"]],"options":{"title":"Title 3 ...","subtitle":"SubTitle 3 ...","padding":5}},{"headers":["A4","B4","C4"],"rows":[["4AA","BB","Hi there\n wa"],["4AA","BB","Hi there\n wa\n wa\n wa\n wa\n wa\n wa\n wa\n wa\n wa\n wa\n wa\n wa\n wa\n wa"],["4AA","BB","Hi there\n wa\n wa\n wa\n wa\n wa\n wa\n wa\n wa\n wa\n wa\n wa\n wa\n wa\n wa"],["4AA","BB","Hi there\n wa\n wa\n wa\n wa\n wa\n wa\n wa\n wa\n wa\n wa\n wa\n wa\n wa\n wa\n wa\n wa"]],"options":{"title":"Title 4 ...","subtitle":"SubTitle 4 ...","padding":5}},{"headers":["A5","B5","C5"],"rows":[["5AA","BB","Hi there\n wa\n wa\n wa\n wa\n wa"],["5AA","BB","Hi there\n wa\n wa\n wa\n wa\n wa\n wa\n wa\n wa\n wa\n wa\n wa\n wa\n wa\n wa\n wa\n wa\n wa"],["5AA","BB","Hi there\n wa\n wa\n wa\n wa\n wa\n wa\n wa\n wa\n wa\n wa\n wa\n wa\n wa\n wa\n wa"],["5AA","BB","Hi there\n wa\n wa\n wa\n wa\n wa\n wa\n wa\n wa\n wa\n wa\n wa\n wa\n wa\n wa\n wa\n wa"],["5AA","BB","Hi there\n wa\n wa\n wa\n wa\n wa\n wa\n wa\n wa\n wa\n wa\n wa\n wa\n wa\n wa\n wa\n wa\n wa\n wa\n wa\n wa"],["5AA","BB","Hi there\n wa\n wa\n wa\n wa"]],"options":{"title":"Title 5 ...","subtitle":"SubTitle 5 ...","padding":5}},{"headers":["A6","B6","C6"],"rows":[["6AA","BB","Hi there\n wa\n wa\n wa\n wa\n wa\n wa\n wa\n wa\n wa\n wa\n wa\n wa\n wa\n wa\n wa\n wa\n wa\n wa\n wa\n wa"],["6AA","BB","Hi there\n wa\n wa\n wa\n wa"],["6AA","BB","Hi there\n wa\n wa\n wa\n wa\n wa\n wa\n wa\n wa\n wa\n wa"],["6AA","BB","Hi there\n wa\n wa\n wa"],["6AA","BB","Hi there\n wa\n wa\n wa"],["6AA","BB","Hi there\n wa\n wa\n wa\n wa\n wa\n wa\n wa\n wa\n wa\n wa\n wa\n wa\n wa\n wa\n wa\n wa\n wa\n wa\n wa"]],"options":{"title":"Title 6 ...","subtitle":"SubTitle 6 ...","padding":5}},{"headers":["A7","B7","C7"],"rows":[["7AA","BB","Hi there\n wa\n wa"],["7AA","BB","Hi there\n wa\n wa\n wa\n wa\n wa\n wa\n wa\n wa\n wa\n wa\n wa\n wa\n wa\n wa\n wa"]],"options":{"title":"Title 7 ...","subtitle":"SubTitle 7 ...","padding":5}},{"headers":["A8","B8","C8"],"rows":[["8AA","BB","Hi there\n wa\n wa\n wa\n wa"],["8AA","BB","Hi there\n wa\n wa\n wa\n wa\n wa\n wa\n wa\n wa\n wa\n wa\n wa\n wa\n wa\n wa\n wa\n wa\n wa\n wa\n wa\n wa"],["8AA","BB","Hi there\n wa\n wa\n wa\n wa\n wa\n wa\n wa\n wa\n wa\n wa\n wa\n wa\n wa\n wa\n wa\n wa\n wa\n wa\n wa"],["8AA","BB","Hi there\n wa\n wa\n wa"],["8AA","BB","Hi there\n wa\n wa\n wa\n wa\n wa\n wa\n wa\n wa"],["8AA","BB","Hi there\n wa\n wa\n wa\n wa\n wa\n wa\n wa\n wa\n wa\n wa\n wa\n wa\n wa"],["8AA","BB","Hi there\n wa\n wa\n wa\n wa\n wa\n wa\n wa\n wa\n wa\n wa\n wa\n wa\n wa\n wa\n wa\n wa\n wa"],["8AA","BB","Hi there\n wa\n wa\n wa\n wa"],["8AA","BB","Hi there\n wa\n wa\n wa\n wa\n wa\n wa"],["8AA","BB","Hi there\n wa\n wa\n wa\n wa\n wa\n wa\n wa\n wa\n wa\n wa\n wa\n wa\n wa\n wa\n wa\n wa\n wa\n wa"],["8AA","BB","Hi there\n wa\n wa\n wa\n wa\n wa"],["8AA","BB","Hi there\n wa\n wa\n wa\n wa\n wa\n wa\n wa\n wa\n wa\n wa\n wa\n wa\n wa\n wa\n wa\n wa\n wa"],["8AA","BB","Hi there\n wa\n wa\n wa\n wa\n wa\n wa\n wa\n wa\n wa\n wa\n wa\n wa\n wa\n wa\n wa\n wa"],["8AA","BB","Hi there\n wa\n wa\n wa\n wa\n wa\n wa"],["8AA","BB","Hi there\n wa\n wa\n wa\n wa\n wa"]],"options":{"title":"Title 8 ...","subtitle":"SubTitle 8 ...","padding":5}},{"headers":["A9","B9","C9"],"rows":[["9AA","BB","Hi there\n wa"],["9AA","BB","Hi there\n wa\n wa\n wa\n wa\n wa\n wa\n wa\n wa\n wa\n wa\n wa\n wa\n wa\n wa"],["9AA","BB","Hi there\n wa\n wa\n wa\n wa\n wa\n wa\n wa\n wa\n wa"],["9AA","BB","Hi there\n wa\n wa\n wa\n wa\n wa\n wa\n wa\n wa\n wa\n wa\n wa\n wa\n wa\n wa\n wa\n wa\n wa\n wa\n wa\n wa"],["9AA","BB","Hi there\n wa\n wa\n wa\n wa\n wa\n wa"],["9AA","BB","Hi there\n wa\n wa\n wa\n wa\n wa"]],"options":{"title":"Title 9 ...","subtitle":"SubTitle 9 ...","padding":5}},{"headers":["A10","B10","C10"],"rows":[["10AA","BB","Hi there\n wa\n wa\n wa\n wa\n wa\n wa\n wa\n wa\n wa\n wa\n wa"]],"options":{"title":"Title 10 ...","subtitle":"SubTitle 10 ...","padding":5}},{"headers":["A11","B11","C11"],"rows":[["11AA","BB","Hi there\n wa\n wa\n wa\n wa\n wa\n wa\n wa\n wa\n wa\n wa\n wa\n wa\n wa\n wa\n wa\n wa\n wa"],["11AA","BB","Hi there\n wa\n wa\n wa\n wa"]],"options":{"title":"Title 11 ...","subtitle":"SubTitle 11 ...","padding":5}},{"headers":["A12","B12","C12"],"rows":[["12AA","BB","Hi there\n wa\n wa\n wa"],["12AA","BB","Hi there\n wa\n wa\n wa\n wa\n wa\n wa\n wa\n wa\n wa\n wa\n wa\n wa\n wa\n wa\n wa\n wa\n wa\n wa"],["12AA","BB","Hi there\n wa\n wa\n wa\n wa\n wa\n wa\n wa\n wa\n wa"],["12AA","BB","Hi there\n wa"],["12AA","BB","Hi there\n wa\n wa\n wa\n wa\n wa\n wa\n wa\n wa\n wa\n wa\n wa\n wa\n wa\n wa"],["12AA","BB","Hi there\n wa\n wa\n wa\n wa\n wa\n wa\n wa"],["12AA","BB","Hi there\n wa\n wa\n wa\n wa\n wa\n wa\n wa"]],"options":{"title":"Title 12 ...","subtitle":"SubTitle 12 ...","padding":5}},{"headers":["A13","B13","C13"],"rows":[["13AA","BB","Hi there\n wa\n wa\n wa\n wa\n wa\n wa\n wa\n wa\n wa\n wa\n wa\n wa\n wa\n wa\n wa\n wa\n wa"],["13AA","BB","Hi there\n wa\n wa\n wa\n wa\n wa\n wa\n wa\n wa\n wa"],["13AA","BB","Hi there\n wa\n wa\n wa\n wa\n wa\n wa\n wa\n wa\n wa\n wa\n wa\n wa\n wa\n wa\n wa\n wa\n wa"]],"options":{"title":"Title 13 ...","subtitle":"SubTitle 13 ...","padding":5}},{"headers":["A14","B14","C14"],"rows":[["14AA","BB","Hi there\n wa\n wa\n wa\n wa\n wa\n wa\n wa\n wa\n wa\n wa\n wa"]],"options":{"title":"Title 14 ...","subtitle":"SubTitle 14 ...","padding":5}},{"headers":["A15","B15","C15"],"rows":[["15AA","BB","Hi there\n wa\n wa\n wa\n wa\n wa\n wa\n wa\n wa\n wa\n wa\n wa"],["15AA","BB","Hi there\n wa\n wa\n wa\n wa\n wa\n wa"],["15AA","BB","Hi there\n wa\n wa"],["15AA","BB","Hi there\n wa\n wa\n wa\n wa\n wa\n wa\n wa\n wa\n wa\n wa\n wa\n wa\n wa\n wa\n wa\n wa"],["15AA","BB","Hi there\n wa"],["15AA","BB","Hi there\n wa\n wa"],["15AA","BB","Hi there\n wa\n wa\n wa\n wa\n wa\n wa\n wa\n wa\n wa\n wa\n wa\n wa\n wa\n wa\n wa\n wa\n wa\n wa\n wa"],["15AA","BB","Hi there\n wa\n wa\n wa\n wa\n wa\n wa\n wa\n wa\n wa\n wa\n wa\n wa"]],"options":{"title":"Title 15 ...","subtitle":"SubTitle 15 ...","padding":5}},{"headers":["A16","B16","C16"],"rows":[["16AA","BB","Hi there\n wa\n wa\n wa\n wa\n wa\n wa\n wa\n wa\n wa\n wa\n wa\n wa\n wa\n wa\n wa\n wa\n wa"],["16AA","BB","Hi there\n wa\n wa\n wa\n wa\n wa"],["16AA","BB","Hi there\n wa\n wa\n wa"],["16AA","BB","Hi there\n wa\n wa\n wa\n wa\n wa"],["16AA","BB","Hi there\n wa\n wa\n wa\n wa\n wa\n wa\n wa\n wa\n wa\n wa\n wa\n wa\n wa\n wa\n wa\n wa\n wa\n wa\n wa\n wa"],["16AA","BB","Hi there\n wa\n wa\n wa\n wa\n wa\n wa\n wa\n wa\n wa\n wa\n wa"],["16AA","BB","Hi there\n wa\n wa\n wa\n wa\n wa\n wa\n wa\n wa\n wa\n wa\n wa\n wa\n wa\n wa\n wa\n wa\n wa"],["16AA","BB","Hi there\n wa\n wa\n wa\n wa\n wa\n wa\n wa"],["16AA","BB","Hi there\n wa\n wa\n wa\n wa\n wa\n wa"],["16AA","BB","Hi there\n wa\n wa\n wa\n wa\n wa\n wa\n wa\n wa\n wa\n wa\n wa\n wa\n wa\n wa\n wa\n wa\n wa\n wa\n wa\n wa"],["16AA","BB","Hi there\n wa"],["16AA","BB","Hi there\n wa\n wa\n wa\n wa\n wa\n wa\n wa\n wa\n wa\n wa\n wa\n wa\n wa\n wa\n wa\n wa\n wa\n wa"],["16AA","BB","Hi there\n wa"]],"options":{"title":"Title 16 ...","subtitle":"SubTitle 16 ...","padding":5}},{"headers":["A17","B17","C17"],"rows":[["17AA","BB","Hi there\n wa\n wa\n wa\n wa\n wa\n wa\n wa\n wa\n wa\n wa\n wa\n wa\n wa"],["17AA","BB","Hi there\n wa\n wa\n wa\n wa\n wa\n wa\n wa\n wa\n wa\n wa"],["17AA","BB","Hi there\n wa\n wa\n wa"],["17AA","BB","Hi there\n wa\n wa\n wa\n wa\n wa\n wa\n wa\n wa\n wa\n wa\n wa\n wa\n wa\n wa\n wa\n wa\n wa\n wa\n wa"]],"options":{"title":"Title 17 ...","subtitle":"SubTitle 17 ...","padding":5}},{"headers":["A18","B18","C18"],"rows":[["18AA","BB","Hi there\n wa\n wa\n wa\n wa\n wa\n wa\n wa"],["18AA","BB","Hi there\n wa\n wa\n wa\n wa\n wa\n wa\n wa"],["18AA","BB","Hi there\n wa\n wa"],["18AA","BB","Hi there\n wa\n wa\n wa\n wa\n wa\n wa\n wa\n wa\n wa\n wa\n wa\n wa\n wa\n wa\n wa\n wa\n wa\n wa"],["18AA","BB","Hi there\n wa\n wa\n wa\n wa\n wa\n wa\n wa\n wa\n wa\n wa\n wa"],["18AA","BB","Hi there\n wa\n wa\n wa\n wa\n wa\n wa\n wa\n wa\n wa\n wa\n wa\n wa\n wa"],["18AA","BB","Hi there\n wa\n wa\n wa"],["18AA","BB","Hi there\n wa\n wa\n wa\n wa\n wa\n wa\n wa\n wa\n wa\n wa\n wa\n wa"],["18AA","BB","Hi there\n wa\n wa\n wa\n wa\n wa\n wa\n wa\n wa"]],"options":{"title":"Title 18 ...","subtitle":"SubTitle 18 ...","padding":5}},{"headers":["A19","B19","C19"],"rows":[["19AA","BB","Hi there\n wa\n wa\n wa\n wa\n wa\n wa\n wa"],["19AA","BB","Hi there\n wa\n wa\n wa\n wa\n wa\n wa\n wa\n wa\n wa\n wa\n wa\n wa"],["19AA","BB","Hi there\n wa\n wa\n wa\n wa\n wa\n wa\n wa\n wa\n wa\n wa\n wa\n wa\n wa\n wa\n wa\n wa\n wa"],["19AA","BB","Hi there\n wa\n wa\n wa\n wa\n wa\n wa\n wa\n wa\n wa\n wa"],["19AA","BB","Hi there\n wa\n wa\n wa\n wa\n wa\n wa\n wa\n wa\n wa\n wa\n wa"],["19AA","BB","Hi there\n wa\n wa\n wa\n wa\n wa\n wa\n wa\n wa\n wa\n wa\n wa\n wa\n wa"],["19AA","BB","Hi there\n wa\n wa\n wa\n wa\n wa\n wa\n wa\n wa\n wa\n wa\n wa"],["19AA","BB","Hi there\n wa\n wa\n wa\n wa\n wa\n wa\n wa\n wa\n wa"]],"options":{"title":"Title 19 ...","subtitle":"SubTitle 19 ...","padding":5}}]